Exchange Symbol,Recipient,URL,Potential Reach,About,Value
PrivateCompany,Business Insider,https://markets.businessinsider.com/news/stocks/caseconverter.tools-launches-free-online-tool-to-instantly-fix-text-case-and-formatting-errors-1034979068,"88,000,000","Insider tells the global tech, finance, markets, media, healthcare, and strategy stories you want to know.",Business Insider is an American financial and business news website founded in 2007. It is one of the most visited sites for business news in North America. Press releases sent to Business Insider are made available on its web site and tend to be highly ranked by search engines.
PrivateCompany,The Globe and Mail,https://www.theglobeandmail.com/investing/markets/markets-news/Newsfile/33859275/caseconvertertools-launches-free-online-tool-to-instantly-fix-text-case-and-formatting-errors/,"7,356,000","Globe Investor offers the most current and up-to-date information on stocks and markets from The Globe and Mail. Find personal finance, mortgage, investment ideas, market information, and stock pick news and analysis from Canada and the world.","The public company news releases Newsfile sends Globeinvestor are featured on the news, business, and finance section of the Globe and Mail website. The finance portion of the website receives upwards of 7.35 million unique visitors each month."
PrivateCompany,National Post,https://nationalpost.com/author/wsnewsfile/261132-CaseConverter-tools-Launches-Free-Online-Tool-to-Instantly-Fix-Text-Case-and-Formatting-Errors,N/A,,
PrivateCompany,Financial Post,https://financialpost.com/author/wsnewsfile/261132-CaseConverter-tools-Launches-Free-Online-Tool-to-Instantly-Fix-Text-Case-and-Formatting-Errors,N/A,,
PrivateCompany,Ottawa Citizen,https://ottawacitizen.com/author/wsnewsfile/261132-CaseConverter-tools-Launches-Free-Online-Tool-to-Instantly-Fix-Text-Case-and-Formatting-Errors,N/A,,
PrivateCompany,Vancouver Sun,https://vancouversun.com/author/wsnewsfile/261132-CaseConverter-tools-Launches-Free-Online-Tool-to-Instantly-Fix-Text-Case-and-Formatting-Errors,N/A,,
PrivateCompany,Toronto Sun,https://torontosun.com/author/wsnewsfile/261132-CaseConverter-tools-Launches-Free-Online-Tool-to-Instantly-Fix-Text-Case-and-Formatting-Errors,N/A,,
PrivateCompany,Calgary Herald,https://calgaryherald.com/author/wsnewsfile/261132-CaseConverter-tools-Launches-Free-Online-Tool-to-Instantly-Fix-Text-Case-and-Formatting-Errors,N/A,,
PrivateCompany,Montreal Gazette,https://montrealgazette.com/author/wsnewsfile/261132-CaseConverter-tools-Launches-Free-Online-Tool-to-Instantly-Fix-Text-Case-and-Formatting-Errors,N/A,,
PrivateCompany,Calgary Sun,https://calgarysun.com/author/wsnewsfile/261132-CaseConverter-tools-Launches-Free-Online-Tool-to-Instantly-Fix-Text-Case-and-Formatting-Errors,N/A,,
PrivateCompany,Canada.com,https://o.canada.com/author/wsnewsfile/261132-CaseConverter-tools-Launches-Free-Online-Tool-to-Instantly-Fix-Text-Case-and-Formatting-Errors,N/A,,
PrivateCompany,Canoe.com,https://canoe.com/author/wsnewsfile/261132-CaseConverter-tools-Launches-Free-Online-Tool-to-Instantly-Fix-Text-Case-and-Formatting-Errors,N/A,,
PrivateCompany,Edmonton Journal,https://edmontonjournal.com/author/wsnewsfile/261132-CaseConverter-tools-Launches-Free-Online-Tool-to-Instantly-Fix-Text-Case-and-Formatting-Errors,N/A,,
PrivateCompany,Edmonton Sun,https://edmontonsun.com/author/wsnewsfile/261132-CaseConverter-tools-Launches-Free-Online-Tool-to-Instantly-Fix-Text-Case-and-Formatting-Errors,N/A,,
PrivateCompany,London Free Press,https://lfpress.com/author/wsnewsfile/261132-CaseConverter-tools-Launches-Free-Online-Tool-to-Instantly-Fix-Text-Case-and-Formatting-Errors,N/A,,
PrivateCompany,Ottawa Sun,https://ottawasun.com/author/wsnewsfile/261132-CaseConverter-tools-Launches-Free-Online-Tool-to-Instantly-Fix-Text-Case-and-Formatting-Errors,N/A,,
PrivateCompany,Regina Leader Post,https://leaderpost.com/author/wsnewsfile/261132-CaseConverter-tools-Launches-Free-Online-Tool-to-Instantly-Fix-Text-Case-and-Formatting-Errors,N/A,,
PrivateCompany,Saskatoon Star Phoenix,https://thestarphoenix.com/author/wsnewsfile/261132-CaseConverter-tools-Launches-Free-Online-Tool-to-Instantly-Fix-Text-Case-and-Formatting-Errors,N/A,,
PrivateCompany,Windsor Star,https://windsorstar.com/author/wsnewsfile/261132-CaseConverter-tools-Launches-Free-Online-Tool-to-Instantly-Fix-Text-Case-and-Formatting-Errors,N/A,,
PrivateCompany,Winnipeg Sun,https://winnipegsun.com/author/wsnewsfile/261132-CaseConverter-tools-Launches-Free-Online-Tool-to-Instantly-Fix-Text-Case-and-Formatting-Errors,N/A,,
PrivateCompany,The Province,https://theprovince.com/author/wsnewsfile/261132-CaseConverter-tools-Launches-Free-Online-Tool-to-Instantly-Fix-Text-Case-and-Formatting-Errors,N/A,,
PrivateCompany,Barchart.com,https://www.barchart.com/story/news/33859274/caseconvertertools-launches-free-online-tool-to-instantly-fix-text-case-and-formatting-errors,"1,000,000","Barchart is a leading provider of market data and services to the global financial, media, and commodity industries.","Barchart engages active traders, casual investors and professionals through its website where it recognizes 1 million visitors and 20 million page views each month. Additionally hosts a newsletter with 250,000 subscribers. The public company news Newsfile sends Barchart is available to its 1 million monthly visitors on its website, and may be used as the basis for editorial content included on its newsletter."
PrivateCompany,Benzinga,https://www.benzinga.com/pressreleases/25/08/46827705/caseconverter-tools-launches-free-online-tool-to-instantly-fix-text-case-and-formatting-errors,"1,540,000","Stock Market Quotes, Business News, Financial News, Trading Ideas, and Stock Research by Professionals.","News releases Newsfile sends Benzinga are made available to its 1.54 million montly website visitors. These visitors are potential investors, poised to make a purchase decision based on the news available."
PrivateCompany,Newsfile,https://www.newsfilecorp.com/release/261132,"150,000",Newsfile is an accredited newswire servicing thousands of public and private companies.,"Newsfile content is trusted by the financial community to make informed investment decisions. Stories displayed on the Newsfile website are available to 150,000 monthly visitors and email subscribers. Stories are also displayed on sites that redirect users to the Newsfile website; such as Kitco, Markets Insider and more."
PrivateCompany,FinanzNachrichten,https://www.finanznachrichten.de/nachrichten-2025-08/66080268-amrytt-media-caseconverter-tools-launches-free-online-tool-to-instantly-fix-text-case-and-formatting-errors-296.htm,"4,000,000","A German language financial website offering important equity, stock, and economy news.","The public company news releases Newsfile sends FinanzNachrichten are posted on its website and made available to its 4 million monthly visitors. These visitors are potential investors, poised to make a purchase decision based on the news available."
PrivateCompany,Central Charts,https://www.centralcharts.com/en/news/5216325-caseconverter-tools-launches-free-online-tool-to-instantly-fix-text-case-and-formatting-errors,"200,000","CentralCharts is a simple, free tool that allows individuals and professionals traders to share their technical/chart analyses on all financial markets (Stocks, Indexes, Forex, and Commodities).","The public company news releases Newsfile sends are made available to CentralCharts' 200,000 monthly website visitors."
PrivateCompany,X,https://x.com/newsfile_corp,"450,000,000","Owned by Elon Musk, X Corp. (formerly Twitter) is an American social media company based in San Francisco, California with 450 million active users.",Allows the indexing of public company news using "cashtags" - ticker symbols preceded by the dollar "$" sign. Releases posted and cashtagged on X are made available to its 450 million active users. View counts are associated with clicks from an X post resulting in the opening of this story on the Newsfile web site.
PrivateCompany,accern,https://www.accern.com/,N/A,Accern offers solutions that automate financial research and enhancing quantitate trading strategies performance with the integration of alternative news and social analytics datasets.,"As Artificial Intelligence becomes more commonplace in financial applications, Accern uses Newsfile's highly categorized content to populate its products and solutions for its customers."
PrivateCompany,Comtex,http://www.comtex.com/,"100,000,000","Comtex News Network, Inc. is a leading news aggregation service that has successfully provided satisfied customers with customized news and content for more than two decades.","Comtex is a leading financial news aggregator. Aggregators collect financial news from many trusted sources, make them available in one location, enhance the presentation by adding logic to better classify/catagorize content and then deliver that content to their distrubution and API clients. Most web portals and apps that display news content are powered by an aggregator such as Comtex."
PrivateCompany,Newsbank,http://www.newsbank.com/,"233,150",NewsBank is a news database resource that provides archives of media publications as reference materials to libraries.,"Consolidates current and archived information from thousands of newspaper titles, as well as newswires, web editions, blogs, videos, broadcast transcripts, business journals, periodicals, government documents and other publications. Using these online resources, researchers in libraries around the world can easily explore tens of millions of current and archived news articles."
PrivateCompany,Postmedia,http://www.postmedia.com/,"2,000","Postmedia Network Canada Corporation is a Canadian media conglomerate consisting of the publishing properties of the former Canwest, with primary operations in newspaper publishing, news gathering and Internet operations.","Content Newsfile submits to Postmedia is made available to its 2,000 employees, reporters, and journalists across the country."
PrivateCompany,Dow Jones Newswires,https://www.dowjones.com/products/newswires/,"600,000",Dow Jones Newswires is a real-time financial news organization founded in 1882. It aggregates public company news and makes this information available to its subscribers. DowJones news content is available on the Bloomberg Terminal.,"Delivers news and public company information to 600,000 brokers, traders, and analysts, and as of June, 2019, to Bloomberg Terminal users as well. The press releases Newsfile sends DowJonesWire are made available to its subscribers."
PrivateCompany,Newsware,http://www.newsware.com/,N/A,Newsware consolidates and redistributes financial news for professional and retail traders.,Delivers the public company news releases Newsfile sends to subscribing traders and financial professionals based on their filtering preferences.
PrivateCompany,Digital Journal,https://www.digitaljournal.com/pr/news/newsfile/index.html,"410,000","Breaking news coverage of politics, business, world news, tech, entertainment and more from reporters around the world.","Digital Journal is a global digital media network with contributors from around the world. Reaching an audience of millions of monthly visitors, Digital Journal blends a new media approach with proprietary technology, data and social tool sets to deliver a unique and engaging experience. Digital Journal publishes to multiple platforms, from Web to Facebook, Twitter and more."
PrivateCompany,INK Research,https://www.insidertracking.com/node/5022,"80,000","An independent Canadian-based financial information firm, INK Research Corp. (INK) provides insider news and knowledge to investors. INK powers the websites CanadianInsider and InsiderTracking.","Hosts a subscription service, CIA Interactive, that allows subscribers to evaluate companies based on insider buying and selling. The corporate news releases Newsfile sends INK are made available to CIA Interactive subscribers, and to approximately 80,000 monthly visitors of CanadianInsider and InsiderTracking."
PrivateCompany,InfoDesk,http://www.infodesk.com/,"52,210","InfoDesk provides targeted intelligence and federated information integrated, enriched and distributed to millions of users around the world.",InfoDesk's powerful technology enables organizations to consolidate huge volumes of both internal and external information and transform it into actionable insights. The news releases Newsfile sends to InfoDesk become part of the data served to its millions of customers.
PrivateCompany,Marketwatch,https://www.marketwatch.com/search?q=newsfile&ts=0&ns=3&sm=4&tab=All%20News,"10,000,000","MarketWatch is an American financial information website that provides business news, analysis, and stock market data. It is a subsidiary of Dow Jones & Company, a property of News Corp, which also owns The Wall Street Journal and Barron's.","MarketWatch lists public company profiles and news releases which are available to its 10 million monthly visitors. It boasts 94 million pageviews each month. The public company news releases Newsfile sends MarketWatch are available through its website to its 10 million monthly visitors. These visitors are potential investors, poised to make a purchase decision based on the news available."
PrivateCompany,Moody's Analytics NewsEdge,https://newsedge.com/,"100,000,000","Moody's NewsEdge (formerly Acquire Media) brings together real-time news sources, and the best of the business web and social media to empower decision makers.","Moody's NewsEdge is a leading financial news aggregator. Aggregators collect financial news from many trusted sources, make them available in one location, enhance the presentation by adding logic to better classify/catagorize content and then deliver that content to their distrubution and API clients. Most web portals and apps that display news content are powered by an aggregator such as Moody's NewsEdge."
PrivateCompany,StreetInsider.com,https://www.streetinsider.com/Newsfile,"345,000","StreetInsider.com is a next-generation stock market news and analysis service, separating itself from other news services in its commitment to focus only on market moving events and analyze news in real-time.","News releases Newsfile sends StreetInsider.com are made available to its subscribers. The content of the releases may be used for editiorial content made available to its 345,000 monthly website visitors and alert subscribers. These viewers are potential investors, poised to make a purchase decision based on the news available."
PrivateCompany,Dow Jones Factiva,https://www.dowjones.com/products/factiva/,"1,100,000","Factiva is a business information and research tool owned by Dow Jones & Company. Factiva aggregates content from both licensed and free sources, and provides organizations information management capabilities.","News releases are indexed within Factiva and made available to its 1,100,000 users around the world. Stories Newsfile sends may be used by downstream journalists as the basis for editorial content."
PrivateCompany,Associated Press,https://apnews.com/hub/press-releases/newsfile,"66,000,000","The Associated Press is an American non-profit news agency headquartered in New York City. Stay informed and read the latest news today from The Associated Press, the definitive source for independent journalism from every corner of the globe.","News releases posted to apnews.com are available to 66 million plus monthly visitors and are highly ranked in search engines, improving your online visibility."
PrivateCompany,CRWE World,http://crweworld.com/category/18/PressReleases,"50,430",CRWE WORLD is a network of community targeted sites. Its goal is to be a one-stop shop for the various needs of online consumers.,"Public company news releases are forwarded to CRWEWorld's subscribers, who then make the stories available on their websites or apps."
PrivateCompany,Quotemedia ,http://www.quotemedia.com/,"261,910","Stock market data and financial research solutions. Financial widgets, market data feeds, and stock market applications.",QuoteMedia aggregates the news releases it receives from Newsfile with similar content and then makes this material available to hundreds of downstream partners and websites.
PrivateCompany,Gale Cengage Learning,https://www.gale.com/,"22,580,000","For more than 60 years, Gale has provided libraries with original and curated content, as well as the modern research tools that are crucial in connecting libraries to learning, and learners to libraries.","Reach Business Insights: Essentials, a Gale-Cengage product available to subscribing public libraries across the globe. Business Insights: Essentials is a user-friendly business tool that delivers authoritative company and industry information, articles, and statistical data to business owners, entrepreneurs, marketing professionals, investors, students, and general researchers. The product features 500,000 detailed company profiles and investment and brokerage reports."
PrivateCompany,Newstex,https://www.newstex.com/why-newstex,"100,000,000",Newstex is a free service that enables a powerful distribution channel for your website: content syndication.,"Syndicating your content with Newstex means making your full-text articles available via professional channels to audiences that find your high-quality content uniquely valuable. These channels include academic libraries, specialized information databases dedicated to specific professional fields, media monitoring platforms, and content marketplaces that serve professional analysts, researchers, and marketing experts."
PrivateCompany,Teletrader,https://www.teletrader.com/,"361,460","Since its establishment in 1995, TeleTrader Software AG  has been offering a broad range of software solutions that gather information, analyze financial data, and visualize and analyze stock-exchange and other financial data.","TeleTrader offers companies listed on North American exchanges the opportunity to reach a European audience. The TeleTrader service not only provides a platform for monitoring companies and their news, but also feeds 100+ web portals, apps, trading applications and backend systems. All together, the TeleTrader serves 5+ billion quotes per month and 25+ million charts per month."
PrivateCompany,Wall Street Journal,https://www.wsj.com/search?query=newsfile&isToggleOn=true&operator=OR&sort=relevance&duration=1y&source=wsjie%2Cblog%2Cwsjvideo%2Cinteractivemedia%2Cwsjsitesrch%2Cwsjpro%2Cwsjaudio%2Clivecoverage%2Capfeed%2Cautowire,"42,000,000",WSJ.com reaches an audience of 42 million digital readers per month who seek the news and information critical to their business and personal lives.  Edited locally in three languages and available across digital platforms.,The Wall Street Journal website attracts 42.4 million unique visitors each month and 169 million pageviews. Headlines of the public company news releases Newsfile sends WSJ are posted on its website and full text stories made available to subscribers.
PrivateCompany,Thomson Reuters Newsroom and Terminals,https://www.thomsonreuters.com/en/products-services/news-media.html,N/A,"Thomson Reuters Corporation is a Canadian multinational media conglomerate. It provides a number of financial platforms to the investment community, including Thomson EIKON and Thomson ONE.","The corporate news releases Newsfile sends are made available to 360,000 subscribers using Thomson EIKON and ONE terminals. Thomson Reuters also feeds various other databases and research platforms providing market intelligence for investors and financial analysts. Stories Newsfile sends may be used by downstream journalists as the basis for editorial content."
PrivateCompany,YahooFinance Canada,https://ca.finance.yahoo.com/,"70,000,000","Yahoo! Finance rolled out shortly after Yahoo!'s debut in 1994. Yahoo! bills its Finance portal as its industry-leading business and financial news product, and the service has evolved from its desktop origins to utilize mobile and tablet apps.","The most popular personal finance website in the United States, Yahoo! Finance boasts 70 million unique visits each month. Yahoo! Finance feeds a number of other significant platforms as well, including YCharts. Together, Yahoo! Finance and its recipient locations make up one of the largest investment audiences. Newsfile's press releases sent to Yahoo! are made available on its website and its downstream recipients."
PrivateCompany,YahooFinance,https://finance.yahoo.com/news/provider-newsfile,"70,000,000","Yahoo! Finance rolled out shortly after Yahoo!'s debut in 1994. Yahoo! bills its Finance portal as its industry-leading business and financial news product, and the service has evolved from its desktop origins to utilize mobile and tablet apps.","The most popular personal finance website in the United States, Yahoo! Finance boasts 70 million unique visits each month. Yahoo! Finance feeds a number of other significant platforms as well, including YCharts. Together, Yahoo! Finance and its recipient locations make up one of the largest investment audiences. Newsfile's press releases sent to Yahoo! are made available on its website and its downstream recipients."
PrivateCompany,Lexis Nexis,https://www.lexisnexis.com/en-us/products/lexisnexis-academic.page,N/A,"LexisNexis is a corporation providing computer-assisted legal research as well as business research and risk management services. During the 1970s, LexisNexis pioneered the electronic accessibility of legal and journalistic documents.",The news releases we send LexisNexis are included in its database offerings to its customers.
PrivateCompany,CEO.CA,https://ceo.ca/@newsfile,"900,000","CEO.CA is a Canadian stock market dashboard made in Vancouver, BC. Members include CEOs and portfolio managers as well as regular investors from over 50 countries.","The public company news releases Newsfile sends are made available to CEO.CA's 900,000 monthly website visitors. These visitors are potential investors, poised to make a purchase decision based on the news available."
PrivateCompany,Bloomberg Website,http://www.bloomberg.com/,"28,000,000","Bloomberg delivers business and market news, data, analysis, and video to the world, featuring stories from Businessweek and Bloomberg News.",The public company news releases Newsfile sends to Bloomberg are made available on its website to its 28 million monthly visitors. News releases may also be used by the Bloomberg news team - or downstream journalists - as the basis for editorial content.
PrivateCompany,The Prospector Resource Investment News,https://www.theprospectornews.com,N/A,"Founded in 1980, TheProspectorNews is a multimedia company designed to assist resource companies in telling their stories to investors and prospectors.","TheProspectorNews receives all mining news releases distributed by Newsfile. TheProspectorNews produces a resource investment publication every 2 months and a weekly ""Prospector Picks"" newsletter featuring private placements and a roundup of commentary highlights by experts. The team at TheProspectorNews may create editorial content based on your press release and make it available to its subscribers through it's printed publication, web site, or email lists."
PrivateCompany,Stockhouse,http://www.stockhouse.com/,"1,000,000",Stockhouse is one of Canada's largest financial portals and one of North America's largest small cap investor communities.,Up to 1 million affluent and highly engaged investors visit the Stockhouse web site each month where public company news is made available. According to Stockhouse 25% of visitors are Accredited Investors. The public company news releases Newsfile sends are made available to Stockhouse's 1 million monthly visitors.
PrivateCompany,Sentieo,https://sentieo.com/,700,Sentieo is a research platform built by former hedge fund analysts to supercharge research workflow.,"Using the Stream feature, Sentieo's 700+ subscribers can extract key information from social media, news and company documents. Newsfile releases are forwarded to Sentieo and made available to its subscribers."
PrivateCompany,Apple News,https://www.apple.com/ca/apple-news/,"100,000,000","Apple News is a mobile app and news aggregator developed by Apple Inc., for its iOS, iPadOS, watchOS, and macOS operating systems.","With 1.4 billion active devices, Apple currently has the largest audience of all news apps in the US at 100 million. Make your story available to this large user base."
PrivateCompany,Ontario Farmer,https://ontariofarmer.com/author/wsnewsfile/261132-CaseConverter-tools-Launches-Free-Online-Tool-to-Instantly-Fix-Text-Case-and-Formatting-Errors,N/A,,
PrivateCompany,Prince George Post,https://princegeorgepost.com/author/wsnewsfile/261132-CaseConverter-tools-Launches-Free-Online-Tool-to-Instantly-Fix-Text-Case-and-Formatting-Errors,N/A,,
PrivateCompany,Airdrie Echo,http://airdrieecho.com/newsfile/261132-CaseConverter-tools-Launches-Free-Online-Tool-to-Instantly-Fix-Text-Case-and-Formatting-Errors,N/A,,
PrivateCompany,Belleville Intelligencer,http://intelligencer.ca/newsfile/261132-CaseConverter-tools-Launches-Free-Online-Tool-to-Instantly-Fix-Text-Case-and-Formatting-Errors,N/A,,
PrivateCompany,Bow Valley Crag & Canyon,http://thecragandcanyon.ca/newsfile/261132-CaseConverter-tools-Launches-Free-Online-Tool-to-Instantly-Fix-Text-Case-and-Formatting-Errors,N/A,,
PrivateCompany,Brantford Expositor,http://brantfordexpositor.ca/newsfile/261132-CaseConverter-tools-Launches-Free-Online-Tool-to-Instantly-Fix-Text-Case-and-Formatting-Errors,N/A,,
PrivateCompany,Brockville Recorder & Times,http://recorder.ca/newsfile/261132-CaseConverter-tools-Launches-Free-Online-Tool-to-Instantly-Fix-Text-Case-and-Formatting-Errors,N/A,,
PrivateCompany,Chatham Daily News,http://chathamdailynews.ca/newsfile/261132-CaseConverter-tools-Launches-Free-Online-Tool-to-Instantly-Fix-Text-Case-and-Formatting-Errors,N/A,,
PrivateCompany,Chatham This Week,http://chathamthisweek.com/newsfile/261132-CaseConverter-tools-Launches-Free-Online-Tool-to-Instantly-Fix-Text-Case-and-Formatting-Errors,N/A,,
PrivateCompany,Clinton News Record,http://clintonnewsrecord.com/newsfile/261132-CaseConverter-tools-Launches-Free-Online-Tool-to-Instantly-Fix-Text-Case-and-Formatting-Errors,N/A,,
PrivateCompany,Cochrane Times-Post,http://cochranetimespost.ca/newsfile/261132-CaseConverter-tools-Launches-Free-Online-Tool-to-Instantly-Fix-Text-Case-and-Formatting-Errors,N/A,,
PrivateCompany,Cochrane Times,http://cochranetimes.com/newsfile/261132-CaseConverter-tools-Launches-Free-Online-Tool-to-Instantly-Fix-Text-Case-and-Formatting-Errors,N/A,,
PrivateCompany,Cold Lake Sun,http://coldlakesun.com/newsfile/261132-CaseConverter-tools-Launches-Free-Online-Tool-to-Instantly-Fix-Text-Case-and-Formatting-Errors,N/A,,
PrivateCompany,Cornwall Standard-Freeholder,http://standard-freeholder.com/newsfile/261132-CaseConverter-tools-Launches-Free-Online-Tool-to-Instantly-Fix-Text-Case-and-Formatting-Errors,N/A,,
PrivateCompany,County Market,http://countymarket.ca/newsfile/261132-CaseConverter-tools-Launches-Free-Online-Tool-to-Instantly-Fix-Text-Case-and-Formatting-Errors,N/A,,
PrivateCompany,Devon Dispatch,http://devondispatch.ca/newsfile/261132-CaseConverter-tools-Launches-Free-Online-Tool-to-Instantly-Fix-Text-Case-and-Formatting-Errors,N/A,,
PrivateCompany,Drayton Valley Western Review,http://draytonvalleywesternreview.com/newsfile/261132-CaseConverter-tools-Launches-Free-Online-Tool-to-Instantly-Fix-Text-Case-and-Formatting-Errors,N/A,,
PrivateCompany,Edmonton Examiner,http://edmontonexaminer.com/newsfile/261132-CaseConverter-tools-Launches-Free-Online-Tool-to-Instantly-Fix-Text-Case-and-Formatting-Errors,N/A,,
PrivateCompany,Elliot Lake Standard,http://elliotlakestandard.ca/newsfile/261132-CaseConverter-tools-Launches-Free-Online-Tool-to-Instantly-Fix-Text-Case-and-Formatting-Errors,N/A,,
PrivateCompany,Exeter Lakeshore Times Advance,http://lakeshoreadvance.com/newsfile/261132-CaseConverter-tools-Launches-Free-Online-Tool-to-Instantly-Fix-Text-Case-and-Formatting-Errors,N/A,,
PrivateCompany,Fairview Post,http://fairviewpost.com/newsfile/261132-CaseConverter-tools-Launches-Free-Online-Tool-to-Instantly-Fix-Text-Case-and-Formatting-Errors,N/A,,
PrivateCompany,Fort Mcmurray Today,http://fortmcmurraytoday.com/newsfile/261132-CaseConverter-tools-Launches-Free-Online-Tool-to-Instantly-Fix-Text-Case-and-Formatting-Errors,N/A,,
PrivateCompany,Fort Saskatchewan Record,http://fortsaskatchewanrecord.com/newsfile/261132-CaseConverter-tools-Launches-Free-Online-Tool-to-Instantly-Fix-Text-Case-and-Formatting-Errors,N/A,,
PrivateCompany,Gananoque Reporter,http://gananoquereporter.com/newsfile/261132-CaseConverter-tools-Launches-Free-Online-Tool-to-Instantly-Fix-Text-Case-and-Formatting-Errors,N/A,,
PrivateCompany,Goderich Signal Star,http://goderichsignalstar.com/newsfile/261132-CaseConverter-tools-Launches-Free-Online-Tool-to-Instantly-Fix-Text-Case-and-Formatting-Errors,N/A,,
PrivateCompany,Grande Prairie Daily Herald Tribune,http://dailyheraldtribune.com/newsfile/261132-CaseConverter-tools-Launches-Free-Online-Tool-to-Instantly-Fix-Text-Case-and-Formatting-Errors,N/A,,
PrivateCompany,Grey Bruce This Week,http://greybrucethisweek.ca/newsfile/261132-CaseConverter-tools-Launches-Free-Online-Tool-to-Instantly-Fix-Text-Case-and-Formatting-Errors,N/A,,
PrivateCompany,Hanna Herald,http://hannaherald.com/newsfile/261132-CaseConverter-tools-Launches-Free-Online-Tool-to-Instantly-Fix-Text-Case-and-Formatting-Errors,N/A,,
PrivateCompany,Hanover Post,http://thepost.on.ca/newsfile/261132-CaseConverter-tools-Launches-Free-Online-Tool-to-Instantly-Fix-Text-Case-and-Formatting-Errors,N/A,,
PrivateCompany,High River Times,http://highrivertimes.com/newsfile/261132-CaseConverter-tools-Launches-Free-Online-Tool-to-Instantly-Fix-Text-Case-and-Formatting-Errors,N/A,,
PrivateCompany,Kenora Miner,http://kenoraminerandnews.com/newsfile/261132-CaseConverter-tools-Launches-Free-Online-Tool-to-Instantly-Fix-Text-Case-and-Formatting-Errors,N/A,,
PrivateCompany,Kincardine News,http://kincardinenews.com/newsfile/261132-CaseConverter-tools-Launches-Free-Online-Tool-to-Instantly-Fix-Text-Case-and-Formatting-Errors,N/A,,
PrivateCompany,Kingston/Frontenac This Week,http://kingstonthisweek.com/newsfile/261132-CaseConverter-tools-Launches-Free-Online-Tool-to-Instantly-Fix-Text-Case-and-Formatting-Errors,N/A,,
PrivateCompany,La Nouvelle Beaumont News,http://thebeaumontnews.ca/newsfile/261132-CaseConverter-tools-Launches-Free-Online-Tool-to-Instantly-Fix-Text-Case-and-Formatting-Errors,N/A,,
PrivateCompany,Leduc Representative,http://leducrep.com/newsfile/261132-CaseConverter-tools-Launches-Free-Online-Tool-to-Instantly-Fix-Text-Case-and-Formatting-Errors,N/A,,
PrivateCompany,Lucknow Sentinel,http://lucknowsentinel.com/newsfile/261132-CaseConverter-tools-Launches-Free-Online-Tool-to-Instantly-Fix-Text-Case-and-Formatting-Errors,N/A,,
PrivateCompany,Mayerthorpe Freelancer,http://mayerthorpefreelancer.com/newsfile/261132-CaseConverter-tools-Launches-Free-Online-Tool-to-Instantly-Fix-Text-Case-and-Formatting-Errors,N/A,,
PrivateCompany,Melfort Journal,http://melfortjournal.com/newsfile/261132-CaseConverter-tools-Launches-Free-Online-Tool-to-Instantly-Fix-Text-Case-and-Formatting-Errors,N/A,,
PrivateCompany,Mid-North Monitor,http://midnorthmonitor.com/newsfile/261132-CaseConverter-tools-Launches-Free-Online-Tool-to-Instantly-Fix-Text-Case-and-Formatting-Errors,N/A,,
PrivateCompany,Mitchell Advocate,http://mitchelladvocate.com/newsfile/261132-CaseConverter-tools-Launches-Free-Online-Tool-to-Instantly-Fix-Text-Case-and-Formatting-Errors,N/A,,
PrivateCompany,Nanton News,http://nantonnews.com/newsfile/261132-CaseConverter-tools-Launches-Free-Online-Tool-to-Instantly-Fix-Text-Case-and-Formatting-Errors,N/A,,
PrivateCompany,Nipawin Journal,http://nipawinjournal.com/newsfile/261132-CaseConverter-tools-Launches-Free-Online-Tool-to-Instantly-Fix-Text-Case-and-Formatting-Errors,N/A,,
PrivateCompany,North Bay Nugget,http://nugget.ca/newsfile/261132-CaseConverter-tools-Launches-Free-Online-Tool-to-Instantly-Fix-Text-Case-and-Formatting-Errors,N/A,,
PrivateCompany,Northern News,http://northernnews.ca/newsfile/261132-CaseConverter-tools-Launches-Free-Online-Tool-to-Instantly-Fix-Text-Case-and-Formatting-Errors,N/A,,
PrivateCompany,Owen Sound Sun Times,http://owensoundsuntimes.com/newsfile/261132-CaseConverter-tools-Launches-Free-Online-Tool-to-Instantly-Fix-Text-Case-and-Formatting-Errors,N/A,,
PrivateCompany,Peace River Record Gazette,http://prrecordgazette.com/newsfile/261132-CaseConverter-tools-Launches-Free-Online-Tool-to-Instantly-Fix-Text-Case-and-Formatting-Errors,N/A,,
PrivateCompany,Pembroke Observer,http://pembrokeobserver.com/newsfile/261132-CaseConverter-tools-Launches-Free-Online-Tool-to-Instantly-Fix-Text-Case-and-Formatting-Errors,N/A,,
PrivateCompany,Pincher Creek Echo,http://pinchercreekecho.com/newsfile/261132-CaseConverter-tools-Launches-Free-Online-Tool-to-Instantly-Fix-Text-Case-and-Formatting-Errors,N/A,,
PrivateCompany,Sarnia & Lambton County This Week,http://sarniathisweek.com/newsfile/261132-CaseConverter-tools-Launches-Free-Online-Tool-to-Instantly-Fix-Text-Case-and-Formatting-Errors,N/A,,
PrivateCompany,Sault Star,http://saultstar.com/newsfile/261132-CaseConverter-tools-Launches-Free-Online-Tool-to-Instantly-Fix-Text-Case-and-Formatting-Errors,N/A,,
PrivateCompany,Sault This Week,http://saultthisweek.com/newsfile/261132-CaseConverter-tools-Launches-Free-Online-Tool-to-Instantly-Fix-Text-Case-and-Formatting-Errors,N/A,,
PrivateCompany,Seaforth Huron Expositor,http://seaforthhuronexpositor.com/newsfile/261132-CaseConverter-tools-Launches-Free-Online-Tool-to-Instantly-Fix-Text-Case-and-Formatting-Errors,N/A,,
PrivateCompany,Sherwood Park News,http://sherwoodparknews.com/newsfile/261132-CaseConverter-tools-Launches-Free-Online-Tool-to-Instantly-Fix-Text-Case-and-Formatting-Errors,N/A,,
PrivateCompany,Simcoe Reformer,http://simcoereformer.ca/newsfile/261132-CaseConverter-tools-Launches-Free-Online-Tool-to-Instantly-Fix-Text-Case-and-Formatting-Errors,N/A,,
PrivateCompany,Spruce Grove Examiner,http://sprucegroveexaminer.com/newsfile/261132-CaseConverter-tools-Launches-Free-Online-Tool-to-Instantly-Fix-Text-Case-and-Formatting-Errors,N/A,,
PrivateCompany,St. Thomas Times-Journal,http://stthomastimesjournal.com/newsfile/261132-CaseConverter-tools-Launches-Free-Online-Tool-to-Instantly-Fix-Text-Case-and-Formatting-Errors,N/A,,
PrivateCompany,Stony Plain Reporter,http://stonyplainreporter.com/newsfile/261132-CaseConverter-tools-Launches-Free-Online-Tool-to-Instantly-Fix-Text-Case-and-Formatting-Errors,N/A,,
PrivateCompany,Strathroy Age Dispatch,http://strathroyagedispatch.com/newsfile/261132-CaseConverter-tools-Launches-Free-Online-Tool-to-Instantly-Fix-Text-Case-and-Formatting-Errors,N/A,,
PrivateCompany,Sudbury Star,http://thesudburystar.com/newsfile/261132-CaseConverter-tools-Launches-Free-Online-Tool-to-Instantly-Fix-Text-Case-and-Formatting-Errors,N/A,,
PrivateCompany,The Community Press,http://communitypress.ca/newsfile/261132-CaseConverter-tools-Launches-Free-Online-Tool-to-Instantly-Fix-Text-Case-and-Formatting-Errors,N/A,,
PrivateCompany,The County Weekly News,http://countyweeklynews.ca/newsfile/261132-CaseConverter-tools-Launches-Free-Online-Tool-to-Instantly-Fix-Text-Case-and-Formatting-Errors,N/A,,
PrivateCompany,The Daily Press,https://business.smdailypress.com/smdailypress/article/newsfile-2025-8-4-caseconvertertools-launches-free-online-tool-to-instantly-fix-text-case-and-formatting-errors,N/A,,
PrivateCompany,The Daily Press,https://business.smdailypress.com/smdailypress/article/newsfile-2025-8-4-caseconvertertools-launches-free-online-tool-to-instantly-fix-text-case-and-formatting-errors,N/A,,
PrivateCompany,The Graphic Leader,http://thegraphicleader.com/newsfile/261132-CaseConverter-tools-Launches-Free-Online-Tool-to-Instantly-Fix-Text-Case-and-Formatting-Errors,N/A,,
PrivateCompany,The Kingston Whig Standard,http://thewhig.com/newsfile/261132-CaseConverter-tools-Launches-Free-Online-Tool-to-Instantly-Fix-Text-Case-and-Formatting-Errors,N/A,,
PrivateCompany,The Londoner,http://thelondoner.ca/newsfile/261132-CaseConverter-tools-Launches-Free-Online-Tool-to-Instantly-Fix-Text-Case-and-Formatting-Errors,N/A,,
PrivateCompany,The Napanee Guide,http://napaneeguide.com/newsfile/261132-CaseConverter-tools-Launches-Free-Online-Tool-to-Instantly-Fix-Text-Case-and-Formatting-Errors,N/A,,
PrivateCompany,The Paris Star,http://parisstaronline.com/newsfile/261132-CaseConverter-tools-Launches-Free-Online-Tool-to-Instantly-Fix-Text-Case-and-Formatting-Errors,N/A,,
PrivateCompany,The Peace Country Sun,http://peacecountrysun.com/newsfile/261132-CaseConverter-tools-Launches-Free-Online-Tool-to-Instantly-Fix-Text-Case-and-Formatting-Errors,N/A,,
PrivateCompany,The Sarnia Observer,http://theobserver.ca/newsfile/261132-CaseConverter-tools-Launches-Free-Online-Tool-to-Instantly-Fix-Text-Case-and-Formatting-Errors,N/A,,
PrivateCompany,The Shoreline Beacon,http://shorelinebeacon.com/newsfile/261132-CaseConverter-tools-Launches-Free-Online-Tool-to-Instantly-Fix-Text-Case-and-Formatting-Errors,N/A,,
PrivateCompany,The Stratford Beacon Herald,http://stratfordbeaconherald.com/newsfile/261132-CaseConverter-tools-Launches-Free-Online-Tool-to-Instantly-Fix-Text-Case-and-Formatting-Errors,N/A,,
PrivateCompany,The West Elgin Chronicle,http://thechronicle-online.com/newsfile/261132-CaseConverter-tools-Launches-Free-Online-Tool-to-Instantly-Fix-Text-Case-and-Formatting-Errors,N/A,,
PrivateCompany,The Woodstock Sentinel Review,http://woodstocksentinelreview.ca/newsfile/261132-CaseConverter-tools-Launches-Free-Online-Tool-to-Instantly-Fix-Text-Case-and-Formatting-Errors,N/A,,
PrivateCompany,Tillsonburg News,http://norfolkandtillsonburgnews.com/newsfile/261132-CaseConverter-tools-Launches-Free-Online-Tool-to-Instantly-Fix-Text-Case-and-Formatting-Errors,N/A,,
PrivateCompany,Timmins Times,http://timminstimes.com/newsfile/261132-CaseConverter-tools-Launches-Free-Online-Tool-to-Instantly-Fix-Text-Case-and-Formatting-Errors,N/A,,
PrivateCompany,Today'S Farmer,http://todaysfarmer.ca/newsfile/261132-CaseConverter-tools-Launches-Free-Online-Tool-to-Instantly-Fix-Text-Case-and-Formatting-Errors,N/A,,
PrivateCompany,Trenton Trentonian,http://trentonian.ca/newsfile/261132-CaseConverter-tools-Launches-Free-Online-Tool-to-Instantly-Fix-Text-Case-and-Formatting-Errors,N/A,,
PrivateCompany,Vermilion Standard,http://vermilionstandard.com/newsfile/261132-CaseConverter-tools-Launches-Free-Online-Tool-to-Instantly-Fix-Text-Case-and-Formatting-Errors,N/A,,
PrivateCompany,Vulcan Advocate,http://vulcanadvocate.com/newsfile/261132-CaseConverter-tools-Launches-Free-Online-Tool-to-Instantly-Fix-Text-Case-and-Formatting-Errors,N/A,,
PrivateCompany,Wallaceburg Courier Press,http://wallaceburgcourierpress.ca/newsfile/261132-CaseConverter-tools-Launches-Free-Online-Tool-to-Instantly-Fix-Text-Case-and-Formatting-Errors,N/A,,
PrivateCompany,Wetaskiwin Times,http://wetaskiwintimes.com/newsfile/261132-CaseConverter-tools-Launches-Free-Online-Tool-to-Instantly-Fix-Text-Case-and-Formatting-Errors,N/A,,
PrivateCompany,Whitecourt Star,http://whitecourtstar.com/newsfile/261132-CaseConverter-tools-Launches-Free-Online-Tool-to-Instantly-Fix-Text-Case-and-Formatting-Errors,N/A,,
PrivateCompany,Wiarton Echo,http://wiartonecho.com/newsfile/261132-CaseConverter-tools-Launches-Free-Online-Tool-to-Instantly-Fix-Text-Case-and-Formatting-Errors,N/A,,
PrivateCompany,Big Spring Herald,https://business.bigspringherald.com/bigspringherald/article/newsfile-2025-8-4-caseconvertertools-launches-free-online-tool-to-instantly-fix-text-case-and-formatting-errors,N/A,,
PrivateCompany,Daily Times Leader,https://business.dailytimesleader.com/dailytimesleader/article/newsfile-2025-8-4-caseconvertertools-launches-free-online-tool-to-instantly-fix-text-case-and-formatting-errors,N/A,,
PrivateCompany,Decatur Daily Democrat,https://business.decaturdailydemocrat.com/decaturdailydemocrat/article/newsfile-2025-8-4-caseconvertertools-launches-free-online-tool-to-instantly-fix-text-case-and-formatting-errors,N/A,,
PrivateCompany,Deer Park Tribune,https://business.dptribune.com/dptribune/article/newsfile-2025-8-4-caseconvertertools-launches-free-online-tool-to-instantly-fix-text-case-and-formatting-errors,N/A,,
PrivateCompany,Inyo Register,https://business.inyoregister.com/inyoregister/article/newsfile-2025-8-4-caseconvertertools-launches-free-online-tool-to-instantly-fix-text-case-and-formatting-errors,N/A,,
PrivateCompany,Kane Republican,https://business.kanerepublican.com/kanerepublican/article/newsfile-2025-8-4-caseconvertertools-launches-free-online-tool-to-instantly-fix-text-case-and-formatting-errors,N/A,,
PrivateCompany,Mammoth Times,https://business.mammothtimes.com/mammothtimes/article/newsfile-2025-8-4-caseconvertertools-launches-free-online-tool-to-instantly-fix-text-case-and-formatting-errors,N/A,,
PrivateCompany,Minster Community Post,https://business.minstercommunitypost.com/minstercommunitypost/article/newsfile-2025-8-4-caseconvertertools-launches-free-online-tool-to-instantly-fix-text-case-and-formatting-errors,N/A,,
PrivateCompany,Observer News Enterprise,https://business.observernewsonline.com/observernewsonline/article/newsfile-2025-8-4-caseconvertertools-launches-free-online-tool-to-instantly-fix-text-case-and-formatting-errors,N/A,,
PrivateCompany,Poteau Daily News,https://business.poteaudailynews.com/poteaudailynews/article/newsfile-2025-8-4-caseconvertertools-launches-free-online-tool-to-instantly-fix-text-case-and-formatting-errors,N/A,,
PrivateCompany,The Punxsutawney Spirit,https://business.punxsutawneyspirit.com/punxsutawneyspirit/article/newsfile-2025-8-4-caseconvertertools-launches-free-online-tool-to-instantly-fix-text-case-and-formatting-errors,N/A,,
PrivateCompany,Ridgway Record,https://business.ridgwayrecord.com/ridgwayrecord/article/newsfile-2025-8-4-caseconvertertools-launches-free-online-tool-to-instantly-fix-text-case-and-formatting-errors,N/A,,
PrivateCompany,Starkville Daily News,https://business.starkvilledailynews.com/starkvilledailynews/article/newsfile-2025-8-4-caseconvertertools-launches-free-online-tool-to-instantly-fix-text-case-and-formatting-errors,N/A,,
PrivateCompany,Sweetwater Reporter,https://business.sweetwaterreporter.com/sweetwaterreporter/article/newsfile-2025-8-4-caseconvertertools-launches-free-online-tool-to-instantly-fix-text-case-and-formatting-errors,N/A,,
PrivateCompany,The Antlers American,https://business.theantlersamerican.com/theantlersamerican/article/newsfile-2025-8-4-caseconvertertools-launches-free-online-tool-to-instantly-fix-text-case-and-formatting-errors,N/A,,
PrivateCompany,The Evening Leader,https://business.theeveningleader.com/theeveningleader/article/newsfile-2025-8-4-caseconvertertools-launches-free-online-tool-to-instantly-fix-text-case-and-formatting-errors,N/A,,
PrivateCompany,The Pilot News,https://business.thepilotnews.com/thepilotnews/article/newsfile-2025-8-4-caseconvertertools-launches-free-online-tool-to-instantly-fix-text-case-and-formatting-errors,N/A,,
PrivateCompany,Valley City Times-Record,https://business.times-online.com/times-online/article/newsfile-2025-8-4-caseconvertertools-launches-free-online-tool-to-instantly-fix-text-case-and-formatting-errors,N/A,,
PrivateCompany,Wapakoneta Daily News,https://business.wapakdailynews.com/wapakdailynews/article/newsfile-2025-8-4-caseconvertertools-launches-free-online-tool-to-instantly-fix-text-case-and-formatting-errors,N/A,,
PrivateCompany,The Chronicle Journal,https://markets.chroniclejournal.com/chroniclejournal/article/newsfile-2025-8-4-caseconvertertools-launches-free-online-tool-to-instantly-fix-text-case-and-formatting-errors,N/A,,
PrivateCompany,Antelope Valley Press,https://avpress.marketminute.com/article/newsfile-2025-8-4-caseconvertertools-launches-free-online-tool-to-instantly-fix-text-case-and-formatting-errors,N/A,,
PrivateCompany,Bakersfield.com,https://bakersfield.marketminute.com/article/newsfile-2025-8-4-caseconvertertools-launches-free-online-tool-to-instantly-fix-text-case-and-formatting-errors,N/A,,
PrivateCompany,Bingham News Chronicle,https://business.am-news.com/am-news/article/newsfile-2025-8-4-caseconvertertools-launches-free-online-tool-to-instantly-fix-text-case-and-formatting-errors,N/A,,
PrivateCompany,Borger News-Herald,http://business.borgernewsherald.com/borgernewsherald/article/newsfile-2025-8-4-caseconvertertools-launches-free-online-tool-to-instantly-fix-text-case-and-formatting-errors,N/A,,
PrivateCompany,Boston Herald,https://markets.financialcontent.com/bostonherald/article/newsfile-2025-8-4-caseconvertertools-launches-free-online-tool-to-instantly-fix-text-case-and-formatting-errors,N/A,,
PrivateCompany,BPAS,https://markets.financialcontent.com/bpas/article/newsfile-2025-8-4-caseconvertertools-launches-free-online-tool-to-instantly-fix-text-case-and-formatting-errors,N/A,,
PrivateCompany,The Buffalo News,http://markets.financialcontent.com/buffnews/article/newsfile-2025-8-4-caseconvertertools-launches-free-online-tool-to-instantly-fix-text-case-and-formatting-errors,N/A,,
PrivateCompany,Burlingame.com,https://finance.burlingame.com/camedia.burlingame/article/newsfile-2025-8-4-caseconvertertools-launches-free-online-tool-to-instantly-fix-text-case-and-formatting-errors,N/A,,
PrivateCompany,CorteMadera.com,http://finance.cortemadera.com/camedia.cortemadera/article/newsfile-2025-8-4-caseconvertertools-launches-free-online-tool-to-instantly-fix-text-case-and-formatting-errors,N/A,,
PrivateCompany,Custer County Chief,https://markets.financialcontent.com/custercountychief/article/newsfile-2025-8-4-caseconvertertools-launches-free-online-tool-to-instantly-fix-text-case-and-formatting-errors,N/A,,
PrivateCompany,DalyCity.com,http://finance.dalycity.com/camedia.dalycity/article/newsfile-2025-8-4-caseconvertertools-launches-free-online-tool-to-instantly-fix-text-case-and-formatting-errors,N/A,,
PrivateCompany,Fat Pitch Financials,https://markets.financialcontent.com/fatpitch.financials/article/newsfile-2025-8-4-caseconvertertools-launches-free-online-tool-to-instantly-fix-text-case-and-formatting-errors,N/A,,
PrivateCompany,1st Discount Brokerage,https://markets.financialcontent.com/1discountbrokerage/article/newsfile-2025-8-4-caseconvertertools-launches-free-online-tool-to-instantly-fix-text-case-and-formatting-errors,N/A,,
PrivateCompany,FWNBC,https://fwnbc.marketminute.com/article/newsfile-2025-8-4-caseconvertertools-launches-free-online-tool-to-instantly-fix-text-case-and-formatting-errors,N/A,,
PrivateCompany,fox47,https://fox47.marketminute.com/article/newsfile-2025-8-4-caseconvertertools-launches-free-online-tool-to-instantly-fix-text-case-and-formatting-errors,N/A,,
PrivateCompany,Franklin Credit Management Corporation,http://markets.financialcontent.com/franklincredit/article/newsfile-2025-8-4-caseconvertertools-launches-free-online-tool-to-instantly-fix-text-case-and-formatting-errors,N/A,,
PrivateCompany,Great American Advisors,https://markets.financialcontent.com/gafri/article/newsfile-2025-8-4-caseconvertertools-launches-free-online-tool-to-instantly-fix-text-case-and-formatting-errors,N/A,,
PrivateCompany,Hannibal Courier - Post,https://hannibal.marketminute.com/article/newsfile-2025-8-4-caseconvertertools-launches-free-online-tool-to-instantly-fix-text-case-and-formatting-errors,N/A,,
PrivateCompany,Herald-Whig,https://whig.marketminute.com/article/newsfile-2025-8-4-caseconvertertools-launches-free-online-tool-to-instantly-fix-text-case-and-formatting-errors,N/A,,
PrivateCompany,International Business Times,https://markets.financialcontent.com/ibtimes/article/newsfile-2025-8-4-caseconvertertools-launches-free-online-tool-to-instantly-fix-text-case-and-formatting-errors,N/A,,
PrivateCompany,Imperial Valley Press,https://ivpressonline.marketminute.com/article/newsfile-2025-8-4-caseconvertertools-launches-free-online-tool-to-instantly-fix-text-case-and-formatting-errors,N/A,,
PrivateCompany,KBJR/CBS3,https://kbjr.marketminute.com/article/newsfile-2025-8-4-caseconvertertools-launches-free-online-tool-to-instantly-fix-text-case-and-formatting-errors,N/A,,
PrivateCompany,KTIV,https://ktiv.marketminute.com/article/newsfile-2025-8-4-caseconvertertools-launches-free-online-tool-to-instantly-fix-text-case-and-formatting-errors,N/A,,
PrivateCompany,KTTC,https://kttc.marketminute.com/article/newsfile-2025-8-4-caseconvertertools-launches-free-online-tool-to-instantly-fix-text-case-and-formatting-errors,N/A,,
PrivateCompany,KVOA,https://kvoa.marketminute.com/article/newsfile-2025-8-4-caseconvertertools-launches-free-online-tool-to-instantly-fix-text-case-and-formatting-errors,N/A,,
PrivateCompany,KWWL,https://kwwl.marketminute.com/article/newsfile-2025-8-4-caseconvertertools-launches-free-online-tool-to-instantly-fix-text-case-and-formatting-errors,N/A,,
PrivateCompany,Livermore.com,http://finance.livermore.com/camedia.livermore/article/newsfile-2025-8-4-caseconvertertools-launches-free-online-tool-to-instantly-fix-text-case-and-formatting-errors,N/A,,
PrivateCompany,lodinews.com,https://lodinews.marketminute.com/article/newsfile-2025-8-4-caseconvertertools-launches-free-online-tool-to-instantly-fix-text-case-and-formatting-errors,N/A,,
PrivateCompany,LosAltos.com,https://finance.losaltos.com/camedia.losaltos/article/newsfile-2025-8-4-caseconvertertools-launches-free-online-tool-to-instantly-fix-text-case-and-formatting-errors,N/A,,
PrivateCompany,Malvern Daily Record,http://business.malvern-online.com/malvern-online/article/newsfile-2025-8-4-caseconvertertools-launches-free-online-tool-to-instantly-fix-text-case-and-formatting-errors,N/A,,
PrivateCompany,MenloPark.com,http://finance.menlopark.com/camedia.menlopark/article/newsfile-2025-8-4-caseconvertertools-launches-free-online-tool-to-instantly-fix-text-case-and-formatting-errors,N/A,,
PrivateCompany,MillValley.com,http://finance.millvalley.com/camedia.millvalley/article/newsfile-2025-8-4-caseconvertertools-launches-free-online-tool-to-instantly-fix-text-case-and-formatting-errors,N/A,,
PrivateCompany,Millennium Trust Company,https://mtrustcompany.marketminute.com/article/newsfile-2025-8-4-caseconvertertools-launches-free-online-tool-to-instantly-fix-text-case-and-formatting-errors,N/A,,
PrivateCompany,myMotherLode.com California Gold Country,http://money.mymotherlode.com/clarkebroadcasting.mymotherlode/article/newsfile-2025-8-4-caseconvertertools-launches-free-online-tool-to-instantly-fix-text-case-and-formatting-errors,N/A,,
PrivateCompany,NewsOK,http://markets.financialcontent.com/newsok/article/newsfile-2025-8-4-caseconvertertools-launches-free-online-tool-to-instantly-fix-text-case-and-formatting-errors,N/A,,
PrivateCompany,Penticton Herald,https://markets.financialcontent.com/pentictonherald/article/newsfile-2025-8-4-caseconvertertools-launches-free-online-tool-to-instantly-fix-text-case-and-formatting-errors,N/A,,
PrivateCompany,Pittsburgh Post-Gazette,http://markets.financialcontent.com/postgazette/article/newsfile-2025-8-4-caseconvertertools-launches-free-online-tool-to-instantly-fix-text-case-and-formatting-errors,N/A,,
PrivateCompany,Pleasanton.com,http://finance.pleasanton.com/camedia.pleasanton/article/newsfile-2025-8-4-caseconvertertools-launches-free-online-tool-to-instantly-fix-text-case-and-formatting-errors,N/A,,
PrivateCompany,The Porterville Recorder,https://recorderonline.marketminute.com/article/newsfile-2025-8-4-caseconvertertools-launches-free-online-tool-to-instantly-fix-text-case-and-formatting-errors,N/A,,
PrivateCompany,Press-Telegram,https://markets.financialcontent.com/presstelegram/article/newsfile-2025-8-4-caseconvertertools-launches-free-online-tool-to-instantly-fix-text-case-and-formatting-errors,N/A,,
PrivateCompany,Benton Courier,http://business.bentoncourier.com/bentoncourier/article/newsfile-2025-8-4-caseconvertertools-launches-free-online-tool-to-instantly-fix-text-case-and-formatting-errors,N/A,,
PrivateCompany,SanAnselmo.com,http://finance.sananselmo.com/camedia.sananselmo/article/newsfile-2025-8-4-caseconvertertools-launches-free-online-tool-to-instantly-fix-text-case-and-formatting-errors,N/A,,
PrivateCompany,Sign On San Diego,https://markets.financialcontent.com/sandiego/article/newsfile-2025-8-4-caseconvertertools-launches-free-online-tool-to-instantly-fix-text-case-and-formatting-errors,N/A,,
PrivateCompany,SanRafael.com,http://finance.sanrafael.com/camedia.sanrafael/article/newsfile-2025-8-4-caseconvertertools-launches-free-online-tool-to-instantly-fix-text-case-and-formatting-errors,N/A,,
PrivateCompany,SantaClara.com,http://finance.santaclara.com/camedia.santaclara/article/newsfile-2025-8-4-caseconvertertools-launches-free-online-tool-to-instantly-fix-text-case-and-formatting-errors,N/A,,
PrivateCompany,Santa Maria Times,https://santamariatimes.marketminute.com/article/newsfile-2025-8-4-caseconvertertools-launches-free-online-tool-to-instantly-fix-text-case-and-formatting-errors,N/A,,
PrivateCompany,Sausalito.com,http://finance.sausalito.com/camedia.sausalito/article/newsfile-2025-8-4-caseconvertertools-launches-free-online-tool-to-instantly-fix-text-case-and-formatting-errors,N/A,,
PrivateCompany,Shelby Daily Globe,https://sdgnewsgroup.marketminute.com/article/newsfile-2025-8-4-caseconvertertools-launches-free-online-tool-to-instantly-fix-text-case-and-formatting-errors,N/A,,
PrivateCompany,Spoke.com,https://markets.financialcontent.com/spoke/article/newsfile-2025-8-4-caseconvertertools-launches-free-online-tool-to-instantly-fix-text-case-and-formatting-errors,N/A,,
PrivateCompany,Star Tribune,https://markets.financialcontent.com/startribune/article/newsfile-2025-8-4-caseconvertertools-launches-free-online-tool-to-instantly-fix-text-case-and-formatting-errors,N/A,,
PrivateCompany,Sunnyvale.com,http://finance.sunnyvale.com/camedia.sunnyvale/article/newsfile-2025-8-4-caseconvertertools-launches-free-online-tool-to-instantly-fix-text-case-and-formatting-errors,N/A,,
PrivateCompany,Tamar Securities,https://markets.financialcontent.com/tamarsecurities/article/newsfile-2025-8-4-caseconvertertools-launches-free-online-tool-to-instantly-fix-text-case-and-formatting-errors,N/A,,
PrivateCompany,Appeal-Democrat,https://appeal-democrat.marketminute.com/article/newsfile-2025-8-4-caseconvertertools-launches-free-online-tool-to-instantly-fix-text-case-and-formatting-errors,N/A,,
PrivateCompany,Kelowna Daily Courier,https://markets.financialcontent.com/kelownadailycourier/article/newsfile-2025-8-4-caseconvertertools-launches-free-online-tool-to-instantly-fix-text-case-and-formatting-errors,N/A,,
PrivateCompany,The Newport Daily Express,http://business.newportvermontdailyexpress.com/newportvermontdailyexpress/article/newsfile-2025-8-4-caseconvertertools-launches-free-online-tool-to-instantly-fix-text-case-and-formatting-errors,N/A,,
PrivateCompany,The Sun Chronicle,https://thesunchronicle.marketminute.com/article/newsfile-2025-8-4-caseconvertertools-launches-free-online-tool-to-instantly-fix-text-case-and-formatting-errors,N/A,,
PrivateCompany,The Union Democrat,https://uniondemocrat.marketminute.com/article/newsfile-2025-8-4-caseconvertertools-launches-free-online-tool-to-instantly-fix-text-case-and-formatting-errors,N/A,,
PrivateCompany,The Westerly Sun,https://thewesterlysun.marketminute.com/article/newsfile-2025-8-4-caseconvertertools-launches-free-online-tool-to-instantly-fix-text-case-and-formatting-errors,N/A,,
PrivateCompany,Times-Herald,https://thnews.marketminute.com/article/newsfile-2025-8-4-caseconvertertools-launches-free-online-tool-to-instantly-fix-text-case-and-formatting-errors,N/A,,
PrivateCompany,Townhall Finance,http://markets.financialcontent.com/townhall/article/newsfile-2025-8-4-caseconvertertools-launches-free-online-tool-to-instantly-fix-text-case-and-formatting-errors,N/A,,
PrivateCompany,Value Investing News,https://markets.financialcontent.com/fatpitch.valueinvestingnews/article/newsfile-2025-8-4-caseconvertertools-launches-free-online-tool-to-instantly-fix-text-case-and-formatting-errors,N/A,,
PrivateCompany,WallStreetSelect,https://markets.financialcontent.com/wss/article/newsfile-2025-8-4-caseconvertertools-launches-free-online-tool-to-instantly-fix-text-case-and-formatting-errors,N/A,,
PrivateCompany,WalnutCreekGuide.com,http://finance.walnutcreekguide.com/camedia.walnutcreekguide/article/newsfile-2025-8-4-caseconvertertools-launches-free-online-tool-to-instantly-fix-text-case-and-formatting-errors,N/A,,
PrivateCompany,WAOW,https://waow.marketminute.com/article/newsfile-2025-8-4-caseconvertertools-launches-free-online-tool-to-instantly-fix-text-case-and-formatting-errors,N/A,,
PrivateCompany,WBNG,https://wbng.marketminute.com/article/newsfile-2025-8-4-caseconvertertools-launches-free-online-tool-to-instantly-fix-text-case-and-formatting-errors,N/A,,
PrivateCompany,WEEK/HOIABC,https://week.marketminute.com/article/newsfile-2025-8-4-caseconvertertools-launches-free-online-tool-to-instantly-fix-text-case-and-formatting-errors,N/A,,
PrivateCompany,WGEM,https://wgem.marketminute.com/article/newsfile-2025-8-4-caseconvertertools-launches-free-online-tool-to-instantly-fix-text-case-and-formatting-errors,N/A,,
PrivateCompany,"Winslow, Evans & Crocker",http://markets.financialcontent.com/winslow/article/newsfile-2025-8-4-caseconvertertools-launches-free-online-tool-to-instantly-fix-text-case-and-formatting-errors,N/A,,
PrivateCompany,WKOW,https://wkow.marketminute.com/article/newsfile-2025-8-4-caseconvertertools-launches-free-online-tool-to-instantly-fix-text-case-and-formatting-errors,N/A,,
PrivateCompany,WPTA,https://wpta.marketminute.com/article/newsfile-2025-8-4-caseconvertertools-launches-free-online-tool-to-instantly-fix-text-case-and-formatting-errors,N/A,,
PrivateCompany,WQOW,https://wqow.marketminute.com/article/newsfile-2025-8-4-caseconvertertools-launches-free-online-tool-to-instantly-fix-text-case-and-formatting-errors,N/A,,
PrivateCompany,WRAL,https://markets.financialcontent.com/wral/article/newsfile-2025-8-4-caseconvertertools-launches-free-online-tool-to-instantly-fix-text-case-and-formatting-errors,N/A,,
PrivateCompany,WREX,https://wrex.marketminute.com/article/newsfile-2025-8-4-caseconvertertools-launches-free-online-tool-to-instantly-fix-text-case-and-formatting-errors,N/A,,
PrivateCompany,WSIL,https://wsil.marketminute.com/article/newsfile-2025-8-4-caseconvertertools-launches-free-online-tool-to-instantly-fix-text-case-and-formatting-errors,N/A,,
PrivateCompany,WVVA,https://wvva.marketminute.com/article/newsfile-2025-8-4-caseconvertertools-launches-free-online-tool-to-instantly-fix-text-case-and-formatting-errors,N/A,,
PrivateCompany,WXOW,https://wxow.marketminute.com/article/newsfile-2025-8-4-caseconvertertools-launches-free-online-tool-to-instantly-fix-text-case-and-formatting-errors,N/A,,
PrivateCompany,Ad Hoc News,http://www.ad-hoc-news.de/,N/A,,
PrivateCompany,beautytipa.com,https://www.beautytipa.com/feeds.html?f=newsfile-corp,N/A,,
PrivateCompany,creatework.com,https://www.creatework.com/feeds.html?f=newsfile-corp,N/A,,
PrivateCompany,eco-natur.com,https://www.eco-natur.com/feeds.html?f=newsfile-corp,N/A,,
PrivateCompany,fitnesseditors.com,https://www.fitnesseditors.com/feeds.html?f=newsfile-corp,N/A,,
PrivateCompany,motor-world.com,https://www.motor-world.com/feeds.html?f=newsfile-corp,N/A,,
PrivateCompany,usa-update.com,https://www.usa-update.com/feeds.html?f=newsfile-corp,N/A,,
PrivateCompany,usanew.biz,https://www.usanew.biz/feeds.html?f=newsfile-corp,N/A,,
PrivateCompany,whatbiz.co,http://whatbiz.co,N/A,,
PrivateCompany,xdzee.com,https://www.xdzee.com/feeds.html?f=newsfile-corp,N/A,,
PrivateCompany,OFOR,http://ofor.agricharts.com/markets/stocks.php?article=newsfile-2025-8-4-caseconvertertools-launches-free-online-tool-to-instantly-fix-text-case-and-formatting-errors,N/A,,
PrivateCompany,A.M. Bickley Inc.,http://www.ambickley.com/markets/stocks.php?article=newsfile-2025-8-4-caseconvertertools-launches-free-online-tool-to-instantly-fix-text-case-and-formatting-errors,N/A,,
PrivateCompany,"Bieri Grain, LLC",http://www.bierigrain.com/markets/stocks.php?article=newsfile-2025-8-4-caseconvertertools-launches-free-online-tool-to-instantly-fix-text-case-and-formatting-errors,N/A,,
PrivateCompany,Burlington Cooperative Association,http://www.burlingtonok.com/markets/stocks.php?article=newsfile-2025-8-4-caseconvertertools-launches-free-online-tool-to-instantly-fix-text-case-and-formatting-errors,N/A,,
PrivateCompany,Gard Trading Services (Farmers View),http://www.cfgag.net/markets/stocks.php?article=newsfile-2025-8-4-caseconvertertools-launches-free-online-tool-to-instantly-fix-text-case-and-formatting-errors,N/A,,
PrivateCompany,Flatlands Grain,http://www.flatlandsgrain.com/markets/stocks.php?article=newsfile-2025-8-4-caseconvertertools-launches-free-online-tool-to-instantly-fix-text-case-and-formatting-errors,N/A,,
PrivateCompany,Gerald Grain Center,http://www.geraldgrain.com/markets/stocks.php?article=newsfile-2025-8-4-caseconvertertools-launches-free-online-tool-to-instantly-fix-text-case-and-formatting-errors,N/A,,
PrivateCompany,7 Rivers Livestock,http://www.7riverslivestock.com/markets/stocks.php?article=newsfile-2025-8-4-caseconvertertools-launches-free-online-tool-to-instantly-fix-text-case-and-formatting-errors,N/A,,
PrivateCompany,AgBest Cooperative Inc.,http://www.agbest.com/markets/stocks.php?article=newsfile-2025-8-4-caseconvertertools-launches-free-online-tool-to-instantly-fix-text-case-and-formatting-errors,N/A,,
PrivateCompany,AgRail LLC ,http://www.agrail.com/markets/stocks.php?article=newsfile-2025-8-4-caseconvertertools-launches-free-online-tool-to-instantly-fix-text-case-and-formatting-errors,N/A,,
PrivateCompany,AGrowStar,http://www.agrowstar.com/markets/stocks.php?article=newsfile-2025-8-4-caseconvertertools-launches-free-online-tool-to-instantly-fix-text-case-and-formatting-errors,N/A,,
PrivateCompany,Ag Southwest Crop & Ranch Insurance,http://www.agsouthwest.com/markets/stocks.php?article=newsfile-2025-8-4-caseconvertertools-launches-free-online-tool-to-instantly-fix-text-case-and-formatting-errors,N/A,,
PrivateCompany,Anton Co-op,http://www.antoncoop.com/markets/stocks.php?article=newsfile-2025-8-4-caseconvertertools-launches-free-online-tool-to-instantly-fix-text-case-and-formatting-errors,N/A,,
PrivateCompany,Arabi Gin,http://www.arabigin.com/markets/stocks.php?article=newsfile-2025-8-4-caseconvertertools-launches-free-online-tool-to-instantly-fix-text-case-and-formatting-errors,N/A,,
PrivateCompany,Augusta Farmers Coop,http://www.augustafarmers.com/markets/stocks.php?article=newsfile-2025-8-4-caseconvertertools-launches-free-online-tool-to-instantly-fix-text-case-and-formatting-errors,N/A,,
PrivateCompany,Banner Co-operative Elevator Association,http://www.bannercoop.net/markets/stocks.php?article=newsfile-2025-8-4-caseconvertertools-launches-free-online-tool-to-instantly-fix-text-case-and-formatting-errors,N/A,,
PrivateCompany,Bar-G Feedyard,http://www.bar-g.com/markets/stocks.php?article=newsfile-2025-8-4-caseconvertertools-launches-free-online-tool-to-instantly-fix-text-case-and-formatting-errors,N/A,,
PrivateCompany,Beardsley Farmers Elevator Company,http://www.beardsleyfe.com/markets/stocks.php?article=newsfile-2025-8-4-caseconvertertools-launches-free-online-tool-to-instantly-fix-text-case-and-formatting-errors,N/A,,
PrivateCompany,Bloomington Livestock Exchange,http://www.bloomingtonlivestock.com/markets/stocks.php?article=newsfile-2025-8-4-caseconvertertools-launches-free-online-tool-to-instantly-fix-text-case-and-formatting-errors,N/A,,
PrivateCompany,Bolt Marketing LLC,http://www.boltmarketingllc.com/markets/stocks.php?article=newsfile-2025-8-4-caseconvertertools-launches-free-online-tool-to-instantly-fix-text-case-and-formatting-errors,N/A,,
PrivateCompany,BRT AG & TURF,http://www.brtagandturf.net/markets/stocks.php?article=newsfile-2025-8-4-caseconvertertools-launches-free-online-tool-to-instantly-fix-text-case-and-formatting-errors,N/A,,
PrivateCompany,Butterfield & Associates Grain,http://www.butterfieldgrain.com/markets/stocks.php?article=newsfile-2025-8-4-caseconvertertools-launches-free-online-tool-to-instantly-fix-text-case-and-formatting-errors,N/A,,
PrivateCompany,Cain Agra,http://www.cainagra.net/markets/stocks.php?article=newsfile-2025-8-4-caseconvertertools-launches-free-online-tool-to-instantly-fix-text-case-and-formatting-errors,N/A,,
PrivateCompany,Cameron Grain Corporation,http://www.camerongrain.com/markets/stocks.php?article=newsfile-2025-8-4-caseconvertertools-launches-free-online-tool-to-instantly-fix-text-case-and-formatting-errors,N/A,,
PrivateCompany,"CDR Farms, LLC",http://www.cdrfarmsllc.com/markets/stocks.php?article=newsfile-2025-8-4-caseconvertertools-launches-free-online-tool-to-instantly-fix-text-case-and-formatting-errors,N/A,,
PrivateCompany,Central Plains Trading,http://www.centralplainstrading.com/markets/stocks.php?article=newsfile-2025-8-4-caseconvertertools-launches-free-online-tool-to-instantly-fix-text-case-and-formatting-errors,N/A,,
PrivateCompany,Cooperative Grain and Supply,http://www.cgsmc.com/markets/stocks.php?article=newsfile-2025-8-4-caseconvertertools-launches-free-online-tool-to-instantly-fix-text-case-and-formatting-errors,N/A,,
PrivateCompany,Cherokee Gin & Cotton Co. ,http://www.cherokeegin.com/markets/stocks.php?article=newsfile-2025-8-4-caseconvertertools-launches-free-online-tool-to-instantly-fix-text-case-and-formatting-errors,N/A,,
PrivateCompany,Clare-Mar Farms Limited,http://www.claremarfarms.com/markets/stocks.php?article=newsfile-2025-8-4-caseconvertertools-launches-free-online-tool-to-instantly-fix-text-case-and-formatting-errors,N/A,,
PrivateCompany,"CO-OP Services, Inc.",http://www.coopservicesinc.com/markets/stocks.php?article=newsfile-2025-8-4-caseconvertertools-launches-free-online-tool-to-instantly-fix-text-case-and-formatting-errors,N/A,,
PrivateCompany,"Cunningham Farms, Inc.",http://www.craiggrain.com/markets/stocks.php?article=newsfile-2025-8-4-caseconvertertools-launches-free-online-tool-to-instantly-fix-text-case-and-formatting-errors,N/A,,
PrivateCompany,Dacoma Farmers Coop,http://www.dacomacoop.com/markets/stocks.php?article=newsfile-2025-8-4-caseconvertertools-launches-free-online-tool-to-instantly-fix-text-case-and-formatting-errors,N/A,,
PrivateCompany,"Dixon Gin Co., Inc.",http://www.dixongin.com/markets/stocks.php?article=newsfile-2025-8-4-caseconvertertools-launches-free-online-tool-to-instantly-fix-text-case-and-formatting-errors,N/A,,
PrivateCompany,Doerun Gin Company,http://www.doerungin.com/markets/stocks.php?article=newsfile-2025-8-4-caseconvertertools-launches-free-online-tool-to-instantly-fix-text-case-and-formatting-errors,N/A,,
PrivateCompany,"Doon Elevator, Inc",http://www.doonelevator.com/markets/stocks.php?article=newsfile-2025-8-4-caseconvertertools-launches-free-online-tool-to-instantly-fix-text-case-and-formatting-errors,N/A,,
PrivateCompany,Dumas Co-op Elevators,http://www.dumascoop.com/markets/stocks.php?article=newsfile-2025-8-4-caseconvertertools-launches-free-online-tool-to-instantly-fix-text-case-and-formatting-errors,N/A,,
PrivateCompany,Dummer&#39;s Grain Service & Buck County Grain,http://www.dummersgrain.com/markets/stocks.php?article=newsfile-2025-8-4-caseconvertertools-launches-free-online-tool-to-instantly-fix-text-case-and-formatting-errors,N/A,,
PrivateCompany,Edon Farmers Co-op,http://www.edonfarmerscoop.com/markets/stocks.php?article=newsfile-2025-8-4-caseconvertertools-launches-free-online-tool-to-instantly-fix-text-case-and-formatting-errors,N/A,,
PrivateCompany,Farmers Cooperative Association of Eldorado,http://eldoradocoop.yourgin.com//markets/stocks.php?article=newsfile-2025-8-4-caseconvertertools-launches-free-online-tool-to-instantly-fix-text-case-and-formatting-errors,N/A,,
PrivateCompany,Farmers Coop Mill and Elevator - Carnegie,http://www.carnegiecoop.com/markets/stocks.php?article=newsfile-2025-8-4-caseconvertertools-launches-free-online-tool-to-instantly-fix-text-case-and-formatting-errors,N/A,,
PrivateCompany,Litchfield Farmers Grain,http://www.lfdfarmers.com/markets/stocks.php?article=newsfile-2025-8-4-caseconvertertools-launches-free-online-tool-to-instantly-fix-text-case-and-formatting-errors,N/A,,
PrivateCompany,Farmers Cooperative Elevator Co. MN Hanley Falls,http://www.farmerscoopelevator.com/markets/stocks.php?article=newsfile-2025-8-4-caseconvertertools-launches-free-online-tool-to-instantly-fix-text-case-and-formatting-errors,N/A,,
PrivateCompany,Farmers Exchange,http://www.farmersexchangecoop.com/markets/stocks.php?article=newsfile-2025-8-4-caseconvertertools-launches-free-online-tool-to-instantly-fix-text-case-and-formatting-errors,N/A,,
PrivateCompany,Farmers Grain Elevator,http://www.farmersgrainelevator.com/markets/stocks.php?article=newsfile-2025-8-4-caseconvertertools-launches-free-online-tool-to-instantly-fix-text-case-and-formatting-errors,N/A,,
PrivateCompany,"French Camp Grain Company, Inc.",http://www.frenchcampgrain.com/markets/stocks.php?article=newsfile-2025-8-4-caseconvertertools-launches-free-online-tool-to-instantly-fix-text-case-and-formatting-errors,N/A,,
PrivateCompany,Glendenning Grain,http://www.glendenninggrainandsoil.com/markets/stocks.php?article=newsfile-2025-8-4-caseconvertertools-launches-free-online-tool-to-instantly-fix-text-case-and-formatting-errors,N/A,,
PrivateCompany,"Farmers Cooperative Association - Tonkawa, OK",http://www.gocoopok.com/markets/stocks.php?article=newsfile-2025-8-4-caseconvertertools-launches-free-online-tool-to-instantly-fix-text-case-and-formatting-errors,N/A,,
PrivateCompany,Gowanlea LTD.,http://www.gowanlea.com/markets/stocks.php?article=newsfile-2025-8-4-caseconvertertools-launches-free-online-tool-to-instantly-fix-text-case-and-formatting-errors,N/A,,
PrivateCompany,"Green City Livestock Marketing, LLC",http://www.greencitylivestock.com/markets/stocks.php?article=newsfile-2025-8-4-caseconvertertools-launches-free-online-tool-to-instantly-fix-text-case-and-formatting-errors,N/A,,
PrivateCompany,"H & B Specialties, Inc.",http://www.hbspecialties.com/markets/stocks.php?article=newsfile-2025-8-4-caseconvertertools-launches-free-online-tool-to-instantly-fix-text-case-and-formatting-errors,N/A,,
PrivateCompany,"Hull Feed & Produce, Inc",http://www.hullfeed.com/markets/stocks.php?article=newsfile-2025-8-4-caseconvertertools-launches-free-online-tool-to-instantly-fix-text-case-and-formatting-errors,N/A,,
PrivateCompany,InterMountain Beef,http://www.intermountainbeef.com/markets/stocks.php?article=newsfile-2025-8-4-caseconvertertools-launches-free-online-tool-to-instantly-fix-text-case-and-formatting-errors,N/A,,
PrivateCompany,Investors Commodity Services,http://www.investorsics.net/markets/stocks.php?article=newsfile-2025-8-4-caseconvertertools-launches-free-online-tool-to-instantly-fix-text-case-and-formatting-errors,N/A,,
PrivateCompany,"James Valley Grain, LLC",http://www.jamesvalleygrain.com/markets/stocks.php?article=newsfile-2025-8-4-caseconvertertools-launches-free-online-tool-to-instantly-fix-text-case-and-formatting-errors,N/A,,
PrivateCompany,J-LYN Grains,http://www.jlyngrains.com/markets/stocks.php?article=newsfile-2025-8-4-caseconvertertools-launches-free-online-tool-to-instantly-fix-text-case-and-formatting-errors,N/A,,
PrivateCompany,Judge Farms,http://www.judgefarms.com/markets/stocks.php?article=newsfile-2025-8-4-caseconvertertools-launches-free-online-tool-to-instantly-fix-text-case-and-formatting-errors,N/A,,
PrivateCompany,Keller Grain,http://www.kellergrain.com/markets/stocks.php?article=newsfile-2025-8-4-caseconvertertools-launches-free-online-tool-to-instantly-fix-text-case-and-formatting-errors,N/A,,
PrivateCompany,"Lang Farms, Ltd.",http://www.langfarms.com/markets/stocks.php?article=newsfile-2025-8-4-caseconvertertools-launches-free-online-tool-to-instantly-fix-text-case-and-formatting-errors,N/A,,
PrivateCompany,LeRoy Coop,http://www.leroycoop.coop/markets/stocks.php?article=newsfile-2025-8-4-caseconvertertools-launches-free-online-tool-to-instantly-fix-text-case-and-formatting-errors,N/A,,
PrivateCompany,Les Young Farms Ltd,http://www.lesyoungfarms.com/markets/stocks.php?article=newsfile-2025-8-4-caseconvertertools-launches-free-online-tool-to-instantly-fix-text-case-and-formatting-errors,N/A,,
PrivateCompany,Lick Elevator Inc.,http://www.lickelevator.com//markets/stocks.php?article=newsfile-2025-8-4-caseconvertertools-launches-free-online-tool-to-instantly-fix-text-case-and-formatting-errors,N/A,,
PrivateCompany,Little Sioux Corn Processors,http://www.littlesiouxcornprocessors.com/markets/stocks.php?article=newsfile-2025-8-4-caseconvertertools-launches-free-online-tool-to-instantly-fix-text-case-and-formatting-errors,N/A,,
PrivateCompany,Lubbock Feeders,http://www.lubbockfeeders.com/markets/stocks.php?article=newsfile-2025-8-4-caseconvertertools-launches-free-online-tool-to-instantly-fix-text-case-and-formatting-errors,N/A,,
PrivateCompany,McCune Farmers Union Coop Association,http://www.mccunecoop.com/markets/stocks.php?article=newsfile-2025-8-4-caseconvertertools-launches-free-online-tool-to-instantly-fix-text-case-and-formatting-errors,N/A,,
PrivateCompany,Melrose Farm Service Inc,http://www.melrosefarmservice.com/markets/stocks.php?article=newsfile-2025-8-4-caseconvertertools-launches-free-online-tool-to-instantly-fix-text-case-and-formatting-errors,N/A,,
PrivateCompany,Mid-Columbia Insurance Inc.,http://www.mcin.biz/markets/stocks.php?article=newsfile-2025-8-4-caseconvertertools-launches-free-online-tool-to-instantly-fix-text-case-and-formatting-errors,N/A,,
PrivateCompany,"Mid-Valley Cotton Growers, Inc.",http://www.midvalleycottongrowers.com/markets/stocks.php?article=newsfile-2025-8-4-caseconvertertools-launches-free-online-tool-to-instantly-fix-text-case-and-formatting-errors,N/A,,
PrivateCompany,Mobley Gin Company,http://www.mobleygin.com/markets/stocks.php?article=newsfile-2025-8-4-caseconvertertools-launches-free-online-tool-to-instantly-fix-text-case-and-formatting-errors,N/A,,
PrivateCompany,"Montrose Grain and Supply, LLC",http://www.montrosegrain.com/markets/stocks.php?article=newsfile-2025-8-4-caseconvertertools-launches-free-online-tool-to-instantly-fix-text-case-and-formatting-errors,N/A,,
PrivateCompany,Farmers Coop Elevator - Morganville Coop,http://www.morganvillecoop.com/markets/stocks.php?article=newsfile-2025-8-4-caseconvertertools-launches-free-online-tool-to-instantly-fix-text-case-and-formatting-errors,N/A,,
PrivateCompany,Mulvane Cooperative Union,http://www.mulvanecoop.com/markets/stocks.php?article=newsfile-2025-8-4-caseconvertertools-launches-free-online-tool-to-instantly-fix-text-case-and-formatting-errors,N/A,,
PrivateCompany,Northwest Investments,http://nwinvestmentsllc.com/markets/stocks.php?article=newsfile-2025-8-4-caseconvertertools-launches-free-online-tool-to-instantly-fix-text-case-and-formatting-errors,N/A,,
PrivateCompany,Offerle Cooperative Grain & Supply Company,http://www.offerle.coop/markets/stocks.php?article=newsfile-2025-8-4-caseconvertertools-launches-free-online-tool-to-instantly-fix-text-case-and-formatting-errors,N/A,,
PrivateCompany,Land Run Farmers Cooperative - OK,http://www.oklandruncoop.net/markets/stocks.php?article=newsfile-2025-8-4-caseconvertertools-launches-free-online-tool-to-instantly-fix-text-case-and-formatting-errors,N/A,,
PrivateCompany,"Omega Farm Supply, Inc. & Gin Company",http://www.omegafarmsupply.com/markets/stocks.php?article=newsfile-2025-8-4-caseconvertertools-launches-free-online-tool-to-instantly-fix-text-case-and-formatting-errors,N/A,,
PrivateCompany,Parrish Shop & Sales LLC,http://parrishshop.com/markets/stocks.php?article=newsfile-2025-8-4-caseconvertertools-launches-free-online-tool-to-instantly-fix-text-case-and-formatting-errors,N/A,,
PrivateCompany,PCE Producers Coop Elevator,http://www.pcefloydada.com/markets/stocks.php?article=newsfile-2025-8-4-caseconvertertools-launches-free-online-tool-to-instantly-fix-text-case-and-formatting-errors,N/A,,
PrivateCompany,Petersen Custom Farming,http://www.petersencustomfarming.ca//markets/stocks.php?article=newsfile-2025-8-4-caseconvertertools-launches-free-online-tool-to-instantly-fix-text-case-and-formatting-errors,N/A,,
PrivateCompany,"Pilot Grove Elevator Cooperative, Inc.",http://www.pilotgrovecoop.com/markets/stocks.php?article=newsfile-2025-8-4-caseconvertertools-launches-free-online-tool-to-instantly-fix-text-case-and-formatting-errors,N/A,,
PrivateCompany,Premium Feed & Grain,http://www.premiumfeedgrain.com/markets/stocks.php?article=newsfile-2025-8-4-caseconvertertools-launches-free-online-tool-to-instantly-fix-text-case-and-formatting-errors,N/A,,
PrivateCompany,Pro Ag Farmers Co-op,http://www.proagfarmers.com/markets/stocks.php?article=newsfile-2025-8-4-caseconvertertools-launches-free-online-tool-to-instantly-fix-text-case-and-formatting-errors,N/A,,
PrivateCompany,Punkin Center Gin,http://www.punkincentergin.com/markets/stocks.php?article=newsfile-2025-8-4-caseconvertertools-launches-free-online-tool-to-instantly-fix-text-case-and-formatting-errors,N/A,,
PrivateCompany,Remsen Farmers Coop,http://www.remsencoop.com/markets/stocks.php?article=newsfile-2025-8-4-caseconvertertools-launches-free-online-tool-to-instantly-fix-text-case-and-formatting-errors,N/A,,
PrivateCompany,Rickett Grain Co.,http://www.rickettgrain.com/markets/stocks.php?article=newsfile-2025-8-4-caseconvertertools-launches-free-online-tool-to-instantly-fix-text-case-and-formatting-errors,N/A,,
PrivateCompany,Ringneck Energy,http://www.ringneckenergy.com/markets/stocks.php?article=newsfile-2025-8-4-caseconvertertools-launches-free-online-tool-to-instantly-fix-text-case-and-formatting-errors,N/A,,
PrivateCompany,Rolling Acres Farm - Canada,http://www.rollingacresgrain.com/markets/stocks.php?article=newsfile-2025-8-4-caseconvertertools-launches-free-online-tool-to-instantly-fix-text-case-and-formatting-errors,N/A,,
PrivateCompany,Rolling Hills Gin,http://www.rollinghillsgin.com/markets/stocks.php?article=newsfile-2025-8-4-caseconvertertools-launches-free-online-tool-to-instantly-fix-text-case-and-formatting-errors,N/A,,
PrivateCompany,S & B Cattle Company,http://www.sandbcattle.com/markets/stocks.php?article=newsfile-2025-8-4-caseconvertertools-launches-free-online-tool-to-instantly-fix-text-case-and-formatting-errors,N/A,,
PrivateCompany,Sargeant Grain Co.,http://www.sargeantgrain.com/markets/stocks.php?article=newsfile-2025-8-4-caseconvertertools-launches-free-online-tool-to-instantly-fix-text-case-and-formatting-errors,N/A,,
PrivateCompany,Schramm Feedlot,http://www.schrammfeedlot.net/markets/stocks.php?article=newsfile-2025-8-4-caseconvertertools-launches-free-online-tool-to-instantly-fix-text-case-and-formatting-errors,N/A,,
PrivateCompany,Schlabs Hysinger,http://www.shcommodities.com/markets/stocks.php?article=newsfile-2025-8-4-caseconvertertools-launches-free-online-tool-to-instantly-fix-text-case-and-formatting-errors,N/A,,
PrivateCompany,SilverEdge Cooperative,http://www.silveredgecoop.com/markets/stocks.php?article=newsfile-2025-8-4-caseconvertertools-launches-free-online-tool-to-instantly-fix-text-case-and-formatting-errors,N/A,,
PrivateCompany,"Farmers Coop Association - Snyder, OK",http://www.snyderfarmerscoop.com/markets/stocks.php?article=newsfile-2025-8-4-caseconvertertools-launches-free-online-tool-to-instantly-fix-text-case-and-formatting-errors,N/A,,
PrivateCompany,"Sowega Cotton Gin & Warehouse, LLC.",http://www.sowegacotton.com/markets/stocks.php?article=newsfile-2025-8-4-caseconvertertools-launches-free-online-tool-to-instantly-fix-text-case-and-formatting-errors,N/A,,
PrivateCompany,Stafford County Flour Mills,http://www.scfmco.com/markets/stocks.php?article=newsfile-2025-8-4-caseconvertertools-launches-free-online-tool-to-instantly-fix-text-case-and-formatting-errors,N/A,,
PrivateCompany,Stickney Coop Elevator,http://www.stickneyelevator.com/markets/stocks.php?article=newsfile-2025-8-4-caseconvertertools-launches-free-online-tool-to-instantly-fix-text-case-and-formatting-errors,N/A,,
PrivateCompany,Stone Station Elevator,http://www.stonestationelevator.com/markets/stocks.php?article=newsfile-2025-8-4-caseconvertertools-launches-free-online-tool-to-instantly-fix-text-case-and-formatting-errors,N/A,,
PrivateCompany,Stoneybrook Elevators,http://www.stoneybrookelevators.ca/markets/stocks.php?article=newsfile-2025-8-4-caseconvertertools-launches-free-online-tool-to-instantly-fix-text-case-and-formatting-errors,N/A,,
PrivateCompany,Strauss Feedmill / MPS Egg Farms,http://www.straussfeedmill.com/markets/stocks.php?article=newsfile-2025-8-4-caseconvertertools-launches-free-online-tool-to-instantly-fix-text-case-and-formatting-errors,N/A,,
PrivateCompany,"Tri-Cities Grain, LLC.",http://www.tcgrain.com/markets/stocks.php?article=newsfile-2025-8-4-caseconvertertools-launches-free-online-tool-to-instantly-fix-text-case-and-formatting-errors,N/A,,
PrivateCompany,Texas Producers Cooperative,http://www.texasproducerscoop.com/markets/stocks.php?article=newsfile-2025-8-4-caseconvertertools-launches-free-online-tool-to-instantly-fix-text-case-and-formatting-errors,N/A,,
PrivateCompany,The Farmers Elevator Grain & Supply Assn.,http://www.thefarmerselevator.com/markets/stocks.php?article=newsfile-2025-8-4-caseconvertertools-launches-free-online-tool-to-instantly-fix-text-case-and-formatting-errors,N/A,,
PrivateCompany,"The Insurance Shop, Inc.",http://www.theinsuranceshopinc.com/markets/stocks.php?article=newsfile-2025-8-4-caseconvertertools-launches-free-online-tool-to-instantly-fix-text-case-and-formatting-errors,N/A,,
PrivateCompany,Tremont Co-operative Grain Co.,http://www.tremont.coop/markets/stocks.php?article=newsfile-2025-8-4-caseconvertertools-launches-free-online-tool-to-instantly-fix-text-case-and-formatting-errors,N/A,,
PrivateCompany,Triple-M-Farms,http://www.triplemfarms.us/markets/stocks.php?article=newsfile-2025-8-4-caseconvertertools-launches-free-online-tool-to-instantly-fix-text-case-and-formatting-errors,N/A,,
PrivateCompany,"Trotter, Inc.",http://www.trotterinc.com/markets/stocks.php?article=newsfile-2025-8-4-caseconvertertools-launches-free-online-tool-to-instantly-fix-text-case-and-formatting-errors,N/A,,
PrivateCompany,Turner Seed Inc.,http://www.turnerseedinc.com/markets/stocks.php?article=newsfile-2025-8-4-caseconvertertools-launches-free-online-tool-to-instantly-fix-text-case-and-formatting-errors,N/A,,
PrivateCompany,"Turon Mill & Elevator, Inc.",http://www.turonmill.com/markets/stocks.php?article=newsfile-2025-8-4-caseconvertertools-launches-free-online-tool-to-instantly-fix-text-case-and-formatting-errors,N/A,,
PrivateCompany,Underwood Grain Limited,http://www.underwoodgrain.com/markets/stocks.php?article=newsfile-2025-8-4-caseconvertertools-launches-free-online-tool-to-instantly-fix-text-case-and-formatting-errors,N/A,,
PrivateCompany,Uvalde County Farmers Coop,http://www.uvaldecoop.com/markets/stocks.php?article=newsfile-2025-8-4-caseconvertertools-launches-free-online-tool-to-instantly-fix-text-case-and-formatting-errors,N/A,,
PrivateCompany,Waitt Grain Co,http://waittgrain.com/markets/stocks.php?article=newsfile-2025-8-4-caseconvertertools-launches-free-online-tool-to-instantly-fix-text-case-and-formatting-errors,N/A,,
PrivateCompany,Walters Co-op Elevator Assn,http://www.walterscoop.com/markets/stocks.php?article=newsfile-2025-8-4-caseconvertertools-launches-free-online-tool-to-instantly-fix-text-case-and-formatting-errors,N/A,,
PrivateCompany,Western Cooperative Company,http://www.westco.coop/markets/stocks.php?article=newsfile-2025-8-4-caseconvertertools-launches-free-online-tool-to-instantly-fix-text-case-and-formatting-errors,N/A,,
